Nev,URL
Modular,https://www.sequencer.de/syns/modular_synthesizer.html
Analog,https://www.sequencer.de/syns/analog_synthesizer.html
Digital,https://www.sequencer.de/syns/digital_synthesizer.html
Soft,https://www.sequencer.de/syns/softsynth.html
Drum,https://www.sequencer.de/syns/drummachines.html
Groovebox,https://www.sequencer.de/syns/groovebox.html
Sampler,https://www.sequencer.de/syns/sampler.html
more..,https://www.sequencer.de/syns/3lab/Tiefenrausch.html
more..,https://www.sequencer.de/syns/acidlab/Bassline.html
more..,https://www.sequencer.de/syns/acidlab/Bombass.html
more..,https://www.sequencer.de/syns/acidlab/Bassline2_BasslineMk2.html
more..,https://www.sequencer.de/syns/analoguesolutions/Vostok.html
more..,https://www.sequencer.de/syns/analoguesolutions/PhobosRedSquare_RedSquare2_RedSquareMk2.html
more..,https://www.sequencer.de/syns/analoguesolutions/Semblance.html
more..,https://www.sequencer.de/syns/analoguesolutions/LeipzigK_LeipzigR.html
more..,https://www.sequencer.de/syns/analoguesolutions/Telemetry.html
more..,https://www.sequencer.de/syns/analoguesolutions/LeipzigS.html
more..,https://www.sequencer.de/syns/analoguesolutions/Telemark.html
more..,https://www.sequencer.de/syns/analoguesystems/Spawn.html
more..,https://www.sequencer.de/syns/analoguesystems/RSintegrator_Sorcerer.html
more..,https://www.sequencer.de/syns/anyware/SemtexXL.html
more..,https://www.sequencer.de/syns/anyware/Simplesizer.html
more..,https://www.sequencer.de/syns/anyware/Forumodular.html
more..,https://www.sequencer.de/syns/anyware/Tinysizer.html
more..,https://www.sequencer.de/syns/anyware/Moodulator.html
more..,https://www.sequencer.de/syns/anyware/Minisizer.html
more..,https://www.sequencer.de/syns/arp/2600.html
more..,https://www.sequencer.de/syns/arp/Odyssey.html
more..,https://www.sequencer.de/syns/arp/Avatar.html
more..,https://www.sequencer.de/syns/arp/Axxe.html
more..,https://www.sequencer.de/syns/arp/Solus.html
more..,https://www.sequencer.de/syns/arp/LittleBrother.html
more..,https://www.sequencer.de/syns/arp/ProDGX.html
more..,https://www.sequencer.de/syns/arp/Explorer1.html
more..,https://www.sequencer.de/syns/arp/Educational_ModularSynthesizerLab.html
more..,https://www.sequencer.de/syns/arp/Odyssey_KorgOdyssey.html
more..,https://www.sequencer.de/syns/arturia/MiniBrute.html
more..,https://www.sequencer.de/syns/arturia/Microbrute.html
more..,https://www.sequencer.de/syns/arturia/MiniBruteSE.html
more..,https://www.sequencer.de/syns/arturia/Matrixbrute.html
more..,https://www.sequencer.de/syns/bme/Axiom_ModularPM10.html
more..,https://www.sequencer.de/syns/bme/700.html
more..,https://www.sequencer.de/syns/boehm/Soundlab.html
more..,https://www.sequencer.de/syns/buchla/MusicEasel.html
more..,https://www.sequencer.de/syns/buchla/200e.html
more..,https://www.sequencer.de/syns/buchla/NewMusicEasel_ElectricMusicBox2012.html
more..,https://www.sequencer.de/syns/crumar/DS2.html
more..,https://www.sequencer.de/syns/crumar/Spirit.html
more..,https://www.sequencer.de/syns/crumar/Bassman.html
more..,https://www.sequencer.de/syns/curetronic/Modular.html
more..,https://www.sequencer.de/syns/cwejman/S1.html
more..,https://www.sequencer.de/syns/cwejman/S2.html
more..,https://www.sequencer.de/syns/cwejman/Modular.html
more..,https://www.sequencer.de/syns/davesmith/Evolver.html
more..,https://www.sequencer.de/syns/davesmith/MonoEvolverKeyboard_MEK.html
more..,https://www.sequencer.de/syns/davesmith/Mopho.html
more..,https://www.sequencer.de/syns/davesmith/MophoKeyboard_MophoKB.html
more..,https://www.sequencer.de/syns/doepfer/A100_Modular.html
more..,https://www.sequencer.de/syns/doepfer/MS404.html
more..,https://www.sequencer.de/syns/doepfer/DarkEnergy.html
more..,https://www.sequencer.de/syns/doepfer/DarkEnergy2.html
more..,https://www.sequencer.de/syns/dreadbox/Erebus.html
more..,https://www.sequencer.de/syns/dreadbox/MurmuxSemimodular.html
more..,https://www.sequencer.de/syns/eandmm/SpectrumSynthesizer.html
more..,https://www.sequencer.de/syns/edp/Wasp.html
more..,https://www.sequencer.de/syns/edp/Gnat.html
more..,https://www.sequencer.de/syns/eef/Modular.html
more..,https://www.sequencer.de/syns/eko/Ekosynth.html
more..,https://www.sequencer.de/syns/electroharmonix/Minisynthesizer_Microsynthesizer.html
more..,https://www.sequencer.de/syns/elektrokosmos/Kosmonaut.html
more..,https://www.sequencer.de/syns/elka/Solist505.html
more..,https://www.sequencer.de/syns/eml/ElectroComp101.html
more..,https://www.sequencer.de/syns/eml/ElectroComp500.html
more..,https://www.sequencer.de/syns/eml/ElectroComp200_ElectroComp300.html
more..,https://www.sequencer.de/syns/eml/ElectroComp400_ElectroComp401.html
more..,https://www.sequencer.de/syns/ems/VCS3.html
more..,https://www.sequencer.de/syns/ems/SynthiA_AKS.html
more..,https://www.sequencer.de/syns/ems/SynthiE.html
more..,https://www.sequencer.de/syns/ems/Synthi100.html
more..,https://www.sequencer.de/syns/ems/SynthiP.html
more..,https://www.sequencer.de/syns/eowave/Domino.html
more..,https://www.sequencer.de/syns/eowave/PersephoneMk2_Persephone2_PersephoneMkII.html
more..,https://www.sequencer.de/syns/eowave/OrageMagnetique.html
more..,https://www.sequencer.de/syns/exclusivelyanalogue/Aviator.html
more..,https://www.sequencer.de/syns/formanta/Polivoks.html
more..,https://www.sequencer.de/syns/formanta/EMS01.html
more..,https://www.sequencer.de/syns/futureretro/777.html
more..,https://www.sequencer.de/syns/futureretro/Revolution.html
more..,https://www.sequencer.de/syns/futureretro/XS.html
more..,https://www.sequencer.de/syns/grp/A3.html
more..,https://www.sequencer.de/syns/grp/A8.html
more..,https://www.sequencer.de/syns/grp/A6.html
more..,https://www.sequencer.de/syns/grp/A4.html
more..,https://www.sequencer.de/syns/grs/VCO3.html
more..,https://www.sequencer.de/syns/helmtronic/BlackMoon.html
more..,https://www.sequencer.de/syns/hypersynth/Xenophone.html
more..,https://www.sequencer.de/syns/jen/SX1000.html
more..,https://www.sequencer.de/syns/jen/SX2000.html
more..,https://www.sequencer.de/syns/jen/Syntar_GS3000.html
more..,https://www.sequencer.de/syns/kawai/100F.html
more..,https://www.sequencer.de/syns/kirovski/Ritm2.html
more..,https://www.sequencer.de/syns/korg/Minikorg_700s.html
more..,https://www.sequencer.de/syns/korg/Maxikorg_800DV.html
more..,https://www.sequencer.de/syns/korg/770.html
more..,https://www.sequencer.de/syns/korg/MS20.html
more..,https://www.sequencer.de/syns/korg/MS10.html
more..,https://www.sequencer.de/syns/korg/MS50.html
more..,https://www.sequencer.de/syns/korg/Micropreset_M500.html
more..,https://www.sequencer.de/syns/korg/MonoPoly.html
more..,https://www.sequencer.de/syns/korg/SyntheBass100.html
more..,https://www.sequencer.de/syns/korg/900ps.html
more..,https://www.sequencer.de/syns/korg/Monotron.html
more..,https://www.sequencer.de/syns/korg/MS20Mini.html
more..,https://www.sequencer.de/syns/korg/MS20M.html
more..,https://www.sequencer.de/syns/lassence/venturyII_ventury2.html
more..,https://www.sequencer.de/syns/lord/Skywave.html
more..,https://www.sequencer.de/syns/luberetski/Alisa1387.html
more..,https://www.sequencer.de/syns/macbeth/M3X.html
more..,https://www.sequencer.de/syns/macbeth/M5_M5N.html
more..,https://www.sequencer.de/syns/macbeth/XFactor.html
more..,https://www.sequencer.de/syns/macbeth/Micromac.html
more..,https://www.sequencer.de/syns/macbeth/Elements.html
more..,https://www.sequencer.de/syns/metasonix/S1000_WretchMachine.html
more..,https://www.sequencer.de/syns/mfb/Synth2_SynthII.html
more..,https://www.sequencer.de/syns/mfb/SynthLite2_SynthLiteII.html
more..,https://www.sequencer.de/syns/mfb/Synth1_SynthI.html
more..,https://www.sequencer.de/syns/mfb/SynthLite_SynthLiteI.html
more..,https://www.sequencer.de/syns/mfb/Kraftzwerg_Synth3.html
more..,https://www.sequencer.de/syns/mfb/Nanozwerg.html
more..,https://www.sequencer.de/syns/mfb/Megazwerg.html
more..,https://www.sequencer.de/syns/mfb/DominionX.html
more..,https://www.sequencer.de/syns/mfb/Dominion1.html
more..,https://www.sequencer.de/syns/modemachines/SynthLab_SL1.html
more..,https://www.sequencer.de/syns/moog/Minimoog.html
more..,https://www.sequencer.de/syns/moog/MinimoogVoyager_RME.html
more..,https://www.sequencer.de/syns/moog/Prodigy.html
more..,https://www.sequencer.de/syns/moog/Source.html
more..,https://www.sequencer.de/syns/moog/Rogue.html
more..,https://www.sequencer.de/syns/moog/SonicVI_SonicSix_Sonic6.html
more..,https://www.sequencer.de/syns/moog/Micromoog.html
more..,https://www.sequencer.de/syns/moog/Multimoog.html
more..,https://www.sequencer.de/syns/moog/Minitmoog.html
more..,https://www.sequencer.de/syns/moog/Satellite.html
more..,https://www.sequencer.de/syns/moog/Taurus2.html
more..,https://www.sequencer.de/syns/moog/Taurus.html
more..,https://www.sequencer.de/syns/moog/cdx.html
more..,https://www.sequencer.de/syns/moog/Modular.html
more..,https://www.sequencer.de/syns/moog/LittlePhatty.html
more..,https://www.sequencer.de/syns/moog/MinimoogVoyagerOS_OldSchool.html
more..,https://www.sequencer.de/syns/moog/SlimPhatty.html
more..,https://www.sequencer.de/syns/moog/Taurus3_TaurusIII.html
more..,https://www.sequencer.de/syns/moog/MinimoogVoyagerXL.html
more..,https://www.sequencer.de/syns/moog/Minitaur.html
more..,https://www.sequencer.de/syns/moog/SubPhatty.html
more..,https://www.sequencer.de/syns/moog/Sub37.html
more..,https://www.sequencer.de/syns/moog/Werkstatt.html
more..,https://www.sequencer.de/syns/moog/Mother32.html
more..,https://www.sequencer.de/syns/multivox/MultivoxSQ01_FirstmanSQ01.html
more..,https://www.sequencer.de/syns/murom/Aelita.html
more..,https://www.sequencer.de/syns/musonics/SonicV_SonicFive_Sonic5.html
more..,https://www.sequencer.de/syns/novation/BassStation_BassStationRack.html
more..,https://www.sequencer.de/syns/novation/SuperBassStation.html
more..,https://www.sequencer.de/syns/novation/BassStation2.html
more..,https://www.sequencer.de/syns/oberheim/SEM_SynthesizerExpanderModule.html
more..,https://www.sequencer.de/syns/oberheim/OB1_OBI.html
more..,https://www.sequencer.de/syns/octave/CatSRM.html
more..,https://www.sequencer.de/syns/octave/Kitten.html
more..,https://www.sequencer.de/syns/orgon/Enigiser.html
more..,https://www.sequencer.de/syns/powertran/Transcendent2000.html
more..,https://www.sequencer.de/syns/ppg/1020_1002.html
more..,https://www.sequencer.de/syns/ppg/1003_SonicCarrier.html
more..,https://www.sequencer.de/syns/reon/DriftboxR.html
more..,https://www.sequencer.de/syns/roland/SH5.html
more..,https://www.sequencer.de/syns/roland/SH2.html
more..,https://www.sequencer.de/syns/roland/SH09.html
more..,https://www.sequencer.de/syns/roland/SH1.html
more..,https://www.sequencer.de/syns/roland/SH101.html
more..,https://www.sequencer.de/syns/roland/SH7.html
more..,https://www.sequencer.de/syns/roland/SH3a.html
more..,https://www.sequencer.de/syns/roland/SH2000.html
more..,https://www.sequencer.de/syns/roland/SH1000.html
more..,https://www.sequencer.de/syns/roland/System700.html
more..,https://www.sequencer.de/syns/roland/Promars_MRS2.html
more..,https://www.sequencer.de/syns/roland/MC202.html
more..,https://www.sequencer.de/syns/roland/CMU810.html
more..,https://www.sequencer.de/syns/roland/TB303.html
more..,https://www.sequencer.de/syns/roland/System500.html
more..,https://www.sequencer.de/syns/rsf/Kobol_KobolII_Kobol2.html
more..,https://www.sequencer.de/syns/rsf/KobolKeyboard.html
more..,https://www.sequencer.de/syns/sequentialcircuits/ProOne_Pro1.html
more..,https://www.sequencer.de/syns/serge/Modular.html
more..,https://www.sequencer.de/syns/siel/Mono.html
more..,https://www.sequencer.de/syns/sms/Mars_Planet7_P7.html
more..,https://www.sequencer.de/syns/spectralaudio/Neptune2.html
more..,https://www.sequencer.de/syns/steinerparker/Synthacon.html
more..,https://www.sequencer.de/syns/steinerparker/Modular.html
more..,https://www.sequencer.de/syns/studioelectronics/ATC1_ATCX.html
more..,https://www.sequencer.de/syns/studioelectronics/SE1_SE1X.html
more..,https://www.sequencer.de/syns/studioelectronics/ATCXi.html
more..,https://www.sequencer.de/syns/studioelectronics/Boomstar3003_Boomstar4075_Boomstar5089.html
more..,https://www.sequencer.de/syns/studioelectronics/BoomstarSEM.html
more..,https://www.sequencer.de/syns/synton/Syrinx.html
more..,https://www.sequencer.de/syns/technics/sy1010.html
more..,https://www.sequencer.de/syns/technosaurus/Selector_Modular.html
more..,https://www.sequencer.de/syns/technosaurus/Microcon_Cyclodon_Microcon2.html
more..,https://www.sequencer.de/syns/teisco/110F.html
more..,https://www.sequencer.de/syns/teisco/SX400.html
more..,https://www.sequencer.de/syns/teisco/60F.html
more..,https://www.sequencer.de/syns/theis/Modular_TMSS.html
more..,https://www.sequencer.de/syns/tomoberheim/SEM_SynthesizerExpanderModule_SemPro.html
more..,https://www.sequencer.de/syns/vermona/MARS.html
more..,https://www.sequencer.de/syns/vermona/Synthesizer.html
more..,https://www.sequencer.de/syns/vermona/MonoLancet.html
more..,https://www.sequencer.de/syns/vermona/14.html
more..,https://www.sequencer.de/syns/waldorf/Pulse.html
more..,https://www.sequencer.de/syns/waldorf/Rocket.html
more..,https://www.sequencer.de/syns/wersi/BassSynthesizerAP6.html
more..,https://www.sequencer.de/syns/wersi/Wersimatic_CX1_CX2.html
more..,https://www.sequencer.de/syns/yamaha/CS30.html
more..,https://www.sequencer.de/syns/yamaha/CS15.html
more..,https://www.sequencer.de/syns/yamaha/CS10.html
more..,https://www.sequencer.de/syns/yamaha/CS5.html
more..,https://www.sequencer.de/syns/yamaha/CS01.html
more..,https://www.sequencer.de/syns/yamaha/CS30L.html
more..,https://www.sequencer.de/syns/yamaha/SY1_SY2.html
more..,https://www.sequencer.de/syns/yamaha/CS15D.html
more..,https://www.sequencer.de/syns/yamaha/CS40m.html
more..,https://www.sequencer.de/syns/yamaha/CS20m.html
more..,https://www.sequencer.de/syns/helmtronic/Challenger.html
more..,https://www.sequencer.de/syns/korg/Monotribe.html
more..,https://www.sequencer.de/syns/korg/Sigma.html
more..,https://www.sequencer.de/syns/lep/Leploop.html
more..,https://www.sequencer.de/syns/moog/ConcertmateMG1.html
more..,https://www.sequencer.de/syns/moog/Realistic.html
more..,https://www.sequencer.de/syns/oberheim/TwoVoice_TVS1_2Voice.html
more..,https://www.sequencer.de/syns/roland/System100.html
more..,https://www.sequencer.de/syns/siel/Cruise.html
more..,https://www.sequencer.de/syns/solton/PulserM75_DualVoiceSynthesizer.html
more..,https://www.sequencer.de/syns/tomoberheim/TVS_Pro.html
more..,https://www.sequencer.de/syns/elektron/SIDstation.html
more..,https://www.sequencer.de/syns/korg/Trident.html
more..,https://www.sequencer.de/syns/korg/VolcaKeys.html
more..,https://www.sequencer.de/syns/moog/Opus3.html
more..,https://www.sequencer.de/syns/akai/TimbreWolf.html
more..,https://www.sequencer.de/syns/arp/2500.html
more..,https://www.sequencer.de/syns/davesmith/PolyEvolverKeyboard_PEK.html
more..,https://www.sequencer.de/syns/davesmith/PolyEvolverRack.html
more..,https://www.sequencer.de/syns/davesmith/Tetr4_Tetra.html
more..,https://www.sequencer.de/syns/davesmith/Mopho4X.html
more..,https://www.sequencer.de/syns/korg/Minilogue.html
more..,https://www.sequencer.de/syns/mfb/PolyLite.html
more..,https://www.sequencer.de/syns/oberheim/FourVoice_4Voice.html
more..,https://www.sequencer.de/syns/ppg/Modular100_Modular300.html
more..,https://www.sequencer.de/syns/roland/System100m.html
more..,https://www.sequencer.de/syns/roland/Jupiter4.html
more..,https://www.sequencer.de/syns/synlab/Modularsystem.html
more..,https://www.sequencer.de/syns/vermona/Perfourmer.html
more..,https://www.sequencer.de/syns/vermona/PerfourmerMk2_PerfourmerMkII.html
more..,https://www.sequencer.de/syns/yamaha/CS50.html
more..,https://www.sequencer.de/syns/cluboftheknobs/Modular.html
more..,https://www.sequencer.de/syns/gleeman/Pentaphonic.html
more..,https://www.sequencer.de/syns/sequentialcircuits/Prophet5.html
more..,https://www.sequencer.de/syns/akai/AX60.html
more..,https://www.sequencer.de/syns/akai/VX600.html
more..,https://www.sequencer.de/syns/akai/AX73_VX90.html
more..,https://www.sequencer.de/syns/cheetah/MS6.html
more..,https://www.sequencer.de/syns/crumar/Bit99_bit01_bitOne.html
more..,https://www.sequencer.de/syns/davesmith/OB6.html
more..,https://www.sequencer.de/syns/eeh/Banana.html
more..,https://www.sequencer.de/syns/elka/EK22_EM22.html
more..,https://www.sequencer.de/syns/kiwi/Kiwi.html
more..,https://www.sequencer.de/syns/korg/Poly61.html
more..,https://www.sequencer.de/syns/korg/Polysix_Poly6.html
more..,https://www.sequencer.de/syns/moog/Memorymoog.html
more..,https://www.sequencer.de/syns/oberheim/Xpander.html
more..,https://www.sequencer.de/syns/oberheim/Matrix6.html
more..,https://www.sequencer.de/syns/oberheim/Matrix1000.html
more..,https://www.sequencer.de/syns/oberheim/OBSX.html
more..,https://www.sequencer.de/syns/rhodes/ChromaPolaris.html
more..,https://www.sequencer.de/syns/roland/Jupiter6.html
more..,https://www.sequencer.de/syns/roland/JX8P.html
more..,https://www.sequencer.de/syns/roland/JX3P.html
more..,https://www.sequencer.de/syns/roland/Juno60.html
more..,https://www.sequencer.de/syns/roland/Juno6.html
more..,https://www.sequencer.de/syns/roland/Juno106.html
more..,https://www.sequencer.de/syns/roland/HS60_Juno106S.html
more..,https://www.sequencer.de/syns/roland/AlphaJuno2_AlphaJuno1.html
more..,https://www.sequencer.de/syns/roland/MKS30.html
more..,https://www.sequencer.de/syns/roland/MKS50.html
more..,https://www.sequencer.de/syns/sequentialcircuits/Prophet600.html
more..,https://www.sequencer.de/syns/sequentialcircuits/Sixtrak.html
more..,https://www.sequencer.de/syns/sequentialcircuits/Multitrak.html
more..,https://www.sequencer.de/syns/sequentialcircuits/Max.html
more..,https://www.sequencer.de/syns/sequentialcircuits/Prophet6_P6.html
more..,https://www.sequencer.de/syns/siel/Opera6_DK600.html
more..,https://www.sequencer.de/syns/solton/SM100_Project100.html
more..,https://www.sequencer.de/syns/unique/DBE_DBK.html
more..,https://www.sequencer.de/syns/vebanlagenbaucottbus/Tiracon6V.html
more..,https://www.sequencer.de/syns/yamaha/CS50m.html
more..,https://www.sequencer.de/syns/yamaha/CS70m.html
more..,https://www.sequencer.de/syns/akai/AX80.html
more..,https://www.sequencer.de/syns/davesmith/Prophet08_P08.html
more..,https://www.sequencer.de/syns/elka/Synthex.html
more..,https://www.sequencer.de/syns/jomox/Sunsyn.html
more..,https://www.sequencer.de/syns/kawai/SX240.html
more..,https://www.sequencer.de/syns/kawai/SX210.html
more..,https://www.sequencer.de/syns/korg/Poly800_Poly800II_Poly800Mk2.html
more..,https://www.sequencer.de/syns/marion/ProSynth.html
more..,https://www.sequencer.de/syns/modal/008.html
more..,https://www.sequencer.de/syns/oberheim/EightVoice_8Voice.html
more..,https://www.sequencer.de/syns/oberheim/OBX.html
more..,https://www.sequencer.de/syns/oberheim/OBXa.html
more..,https://www.sequencer.de/syns/oberheim/OB8.html
more..,https://www.sequencer.de/syns/octave/VoyetraEight.html
more..,https://www.sequencer.de/syns/polyfusion/Modular.html
more..,https://www.sequencer.de/syns/roland/Jupiter8.html
more..,https://www.sequencer.de/syns/roland/MKS80.html
more..,https://www.sequencer.de/syns/roland/MKS7.html
more..,https://www.sequencer.de/syns/rsf/Polykobol_PolykobolII_Polykobol2.html
more..,https://www.sequencer.de/syns/schmidt/Schmidt.html
more..,https://www.sequencer.de/syns/sequentialcircuits/T8.html
more..,https://www.sequencer.de/syns/sequentialcircuits/SplitEight_Split8.html
more..,https://www.sequencer.de/syns/studioelectronics/Omega8.html
more..,https://www.sequencer.de/syns/studioelectronics/Code.html
more..,https://www.sequencer.de/syns/synthesizers.com/Modular.html
more..,https://www.sequencer.de/syns/teisco/SX210.html
more..,https://www.sequencer.de/syns/teisco/SX240.html
more..,https://www.sequencer.de/syns/waldorf/Pulse2.html
more..,https://www.sequencer.de/syns/yamaha/CS80.html
more..,https://www.sequencer.de/syns/yamaha/CS60.html
more..,https://www.sequencer.de/syns/emu/Modular.html
more..,https://www.sequencer.de/syns/moog/Liberation.html
more..,https://www.sequencer.de/syns/sequentialcircuits/Prophet10.html
more..,https://www.sequencer.de/syns/oberheim/Matrix12.html
more..,https://www.sequencer.de/syns/oberheim/OBMx.html
more..,https://www.sequencer.de/syns/roland/JX10.html
more..,https://www.sequencer.de/syns/roland/MKS70.html
more..,https://www.sequencer.de/syns/siel/DK80_EX8500.html
more..,https://www.sequencer.de/syns/roland/CMU800.html
more..,https://www.sequencer.de/syns/alesis/AndromedaA6.html
more..,https://www.sequencer.de/syns/arp/SolinaStringsSynthesizer.html
more..,https://www.sequencer.de/syns/marion/MSR2.html
more..,https://www.sequencer.de/syns/rhodes/Chroma.html
more..,https://www.sequencer.de/syns/mellotron/Mellotron_M400.html
more..,https://www.sequencer.de/syns/roland/Organ_Strings_RS09.html
more..,https://www.sequencer.de/syns/korg/PS3100.html
more..,https://www.sequencer.de/syns/korg/PS3200.html
more..,https://www.sequencer.de/syns/korg/PS3300.html
more..,https://www.sequencer.de/syns/korg/LambdaES50.html
more..,https://www.sequencer.de/syns/arp/Omni_Omni2.html
more..,https://www.sequencer.de/syns/crumar/Performer.html
more..,https://www.sequencer.de/syns/crumar/Composer.html
more..,https://www.sequencer.de/syns/ems/Polysynthi.html
more..,https://www.sequencer.de/syns/hohner/StringMelody2.html
more..,https://www.sequencer.de/syns/korg/Delta.html
more..,https://www.sequencer.de/syns/arp/Quadra.html
more..,https://www.sequencer.de/syns/hohner/StringPerformer.html
more..,https://www.sequencer.de/syns/cavagnolo/ExagonePolyless.html
more..,https://www.sequencer.de/syns/moog/Polymoog.html
more..,https://www.sequencer.de/syns/moog/PolymoogKeyboard.html
more..,https://www.sequencer.de/syns/crumar/Trilogy.html
more..,https://www.sequencer.de/syns/farfisa/Polychrome.html
more..,https://www.sequencer.de/syns/multivox/MX3000.html
more..,https://www.sequencer.de/syns/wurlitzer/Orbit3.html
